Idade,Residencia,Salario,Tempo_Emprego,Servidor_Pub,Grau_Edu,Montante,Nome_Limpo,Valor_Empre,Tempo_Devolucao,Pontos,Risco
18,1,2480,1,1,2,1000,1,1000,12,6600,1
18,2,2880,1,0,2,2000,1,1500,12,5550,0
18,3,2880,2,1,2,3000,0,2000,12,1350,0
18,1,2480,1,0,2,4000,0,2500,12,900,0
18,2,2880,1,0,1,5000,1,3000,12,5750,0
18,3,2880,1,0,2,6000,0,3500,12,600,0
18,1,2480,1,0,2,7000,1,4000,12,6203,1
18,2,2880,1,1,1,8000,1,4500,12,7052,1
18,3,2880,1,0,2,9000,0,5000,12,900,0
18,1,2480,1,0,3,10000,1,5500,12,6599,1
18,2,2880,1,0,1,1000,1,2000,12,5148,0
19,3,2930,1,0,2,2000,0,2500,12,31,0
19,2,2590,1,0,3,3000,1,3000,12,5282,0
19,2,2590,1,0,1,4000,1,3500,12,5161,0
19,2,3040,1,0,2,5000,0,4000,12,565,0
19,3,3040,1,0,3,6000,1,4500,12,5744,0
19,3,2590,1,0,1,7000,0,5000,12,398,0
19,3,3040,1,0,2,8000,0,5500,12,802,0
19,3,3040,1,0,3,9000,0,2000,12,1781,0
19,3,2590,1,0,2,10000,1,2500,12,6572,1
19,3,3040,1,0,2,1000,0,3000,12,-119,0
20,3,3090,1,0,2,2000,0,3500,12,1,0
20,3,2700,1,0,3,3000,1,4000,12,4891,0
20,3,3200,1,0,3,4000,0,4500,12,225,0
20,3,3200,1,0,3,5000,1,5000,12,5310,0
20,3,2700,1,0,3,6000,0,5500,12,144,0
20,3,2700,0,0,3,7000,1,2000,12,6029,1
20,3,3200,0,1,1,8000,0,2500,12,2182,0
20,3,3200,0,0,2,9000,0,3000,12,1361,0
21,3,2810,0,0,3,10000,1,3500,12,6355,1
21,3,3360,0,0,1,3000,0,4000,12,-91,0
21,3,3360,0,0,2,3100,1,4500,12,4908,0
21,3,2810,0,0,3,3200,0,5000,12,-368,0
21,1,3360,0,1,1,3300,1,5500,12,6495,1
21,2,3360,0,0,2,3400,1,2000,12,5963,0
21,3,2810,0,1,3,3500,1,2500,18,5997,0
21,1,3360,0,0,1,3600,1,3000,18,5690,0
21,2,3360,0,1,2,3700,1,3500,22,6119,1
21,3,2810,0,1,3,3800,1,4000,25,5333,0
21,1,3360,0,1,2,3900,1,4500,28,6183,1
21,2,3360,0,1,2,4000,1,5000,31,5777,0
22,3,2920,0,0,2,4100,1,5500,34,3561,0
22,1,2920,0,0,3,4200,1,2000,37,4805,0
22,2,3520,2,0,3,4300,1,2500,40,4599,0
22,3,3520,2,0,3,4400,1,3000,43,3994,0
22,2,2920,1,0,3,4500,1,3500,46,3613,0
22,2,3520,1,0,3,4600,1,4000,49,3639,0
22,2,3520,2,0,1,4700,1,4500,52,3234,0
22,3,2920,2,0,2,4800,1,5000,55,2754,0
22,3,3538,2,0,3,4900,1,5500,58,2870,0
22,3,3582,2,0,1,5000,1,6000,61,2414,0
23,3,2981,2,0,2,5100,1,6500,64,1935,0
23,3,3614,2,0,3,5200,1,7000,67,2072,0
23,3,3629,2,0,1,5300,1,7500,70,1602,0
23,3,3013,2,0,2,5400,1,8000,73,1115,0
23,3,3661,2,0,3,5500,1,8500,76,1260,0
23,3,3676,2,0,1,5600,1,9000,79,789,0
23,3,3046,2,1,2,5700,1,9500,82,1295,0
23,3,3707,2,0,3,5800,1,10000,85,448,0
23,3,3723,2,0,2,5900,1,2000,88,1813,0
23,3,3078,2,0,2,6000,1,2500,91,1218,0
24,3,3088,2,0,2,6100,1,3000,94,950,0
24,3,3770,2,1,3,6200,1,3500,97,2018,0
24,3,3786,2,0,3,6300,1,4000,100,752,0
24,3,3121,2,1,3,6400,1,4500,103,1147,0
24,3,3817,2,0,3,6500,1,5000,106,222,0
24,2,3832,2,0,3,6600,1,5500,109,495,0
24,2,3153,2,0,4,1000,1,6000,18,4521,0
24,2,3864,2,1,4,2000,1,6500,18,5977,0
24,2,3879,2,0,1,3000,1,7000,18,4786,0
24,2,3185,2,0,2,4000,1,7500,18,4640,0
25,2,3196,2,0,3,5000,1,8000,18,4846,0
25,2,3926,2,0,1,6000,1,8500,18,5112,0
25,2,3942,2,1,2,7000,0,9000,18,1321,0
25,2,3228,2,0,3,8000,0,9500,18,638,0
25,2,3973,2,1,1,9000,0,10000,18,961,0
25,2,3250,2,1,2,10000,0,2000,18,2550,0
25,2,4004,2,1,3,1000,0,2500,18,1179,0
25,2,4020,3,1,1,1100,0,3000,18,1024,0
25,2,3282,3,1,2,1200,0,3500,18,726,0
25,2,4051,3,1,3,1300,0,4000,18,1202,0
25,2,4067,4,1,2,1400,0,4500,18,1137,0
26,2,3314,4,1,2,1500,0,5000,18,757,0
26,2,4098,5,1,2,1600,0,5500,18,1146,0
26,2,4114,1,1,3,1700,0,6000,18,950,0
26,2,3346,1,1,3,1800,0,6500,18,543,0
26,2,4145,2,1,3,1900,0,7000,18,969,0
26,2,4161,1,1,3,2000,0,7500,18,903,0
26,2,3378,1,0,3,2100,0,8000,18,-684,0
26,2,3389,1,0,4,2200,0,8500,18,-633,0
26,2,4207,1,1,4,2300,0,9000,18,701,0
26,2,4223,1,0,3,2400,0,9500,18,-472,0
27,2,4239,1,0,2,2500,0,10000,18,-645,0
27,1,3432,1,0,2,2600,1,2000,18,5922,0
27,1,4270,1,0,4,2700,1,2500,18,6460,1
27,1,4286,1,1,1,2800,1,3000,18,7087,1
27,1,3464,1,0,2,2900,1,3500,18,6169,1
27,1,4317,1,1,3,3000,1,4000,18,6664,1
27,2,4332,1,1,1,3100,1,4500,18,6092,1
27,2,3497,1,1,2,3200,1,5000,18,5743,0
27,2,3507,1,1,3,3300,1,5500,24,5458,0
27,2,4379,1,1,1,3400,1,6000,24,5664,0
28,2,4395,1,1,2,3500,1,6500,24,5741,0
28,2,3540,1,1,3,3600,1,7000,24,5383,0
28,2,4426,1,1,1,3700,1,7500,24,5596,0
28,2,4442,1,1,2,3800,1,8000,24,5673,0
28,2,3572,1,1,3,3900,1,8500,24,5308,0
28,2,4473,1,1,2,4000,1,9000,24,5678,0
28,2,4489,1,1,2,4100,1,9500,24,5663,0
28,2,3604,1,1,2,4200,1,10000,26,5065,0
28,2,4520,0,0,3,4300,1,2000,27,6488,1
28,2,4536,0,0,3,4400,1,2500,27,6360,1
29,2,3636,0,0,3,4500,1,3000,28,5775,0
29,2,3647,0,0,3,4600,1,3500,29,5644,0
29,2,4582,0,0,3,4700,1,4000,29,5976,0
29,2,4598,0,0,4,4800,1,4500,30,5967,0
29,2,3679,0,0,1,4900,1,5000,30,5066,0
29,2,4629,0,0,2,5000,1,5500,31,5500,0
29,2,4645,0,0,3,5100,1,6000,31,5466,0
29,2,3711,0,0,1,5200,1,6500,32,4658,0
29,2,4676,0,0,2,5300,1,7000,33,5099,0
29,2,4692,0,0,3,5400,1,7500,33,5065,0
29,2,3744,0,0,1,5500,1,8000,34,4250,0
30,2,4723,0,0,2,5600,1,8500,34,4698,0
30,2,4739,0,0,3,5700,1,9000,35,4664,0
30,2,3776,0,0,1,5800,1,9500,35,3842,0
30,2,4770,0,0,2,5900,1,10000,36,4297,0
30,2,4786,2,0,3,6000,1,2000,37,6549,1
30,2,3808,2,0,2,6100,1,2500,37,5856,0
30,2,3819,1,0,2,6200,1,3000,38,5677,0
30,2,4832,1,0,2,6300,1,3500,38,6050,1
30,2,4848,2,1,3,6400,1,4000,39,6592,1
30,2,3851,2,0,3,6500,1,4500,40,5340,0
31,2,4879,2,0,3,6600,1,5000,40,5703,0
31,2,2080,2,0,3,0,1,5500,41,2829,0
31,2,1800,2,0,3,100,1,6000,41,2555,0
31,2,3894,2,0,4,200,1,6500,42,3586,0
31,2,4942,2,0,1,300,1,7000,42,3670,0
31,2,1520,2,0,2,400,1,7500,43,1919,0
31,2,4973,2,1,3,500,1,8000,44,4453,0
31,2,4989,2,0,1,600,1,8500,44,3273,0
31,2,3948,2,1,2,700,1,9000,45,3618,0
31,2,5020,2,0,3,800,1,9500,45,3209,0
32,2,2080,2,0,1,900,1,10000,46,1399,0
32,2,5051,2,1,2,1000,1,10000,46,3935,0
32,2,5067,2,1,3,1100,1,21000,47,1832,0
32,2,4002,2,1,1,1200,1,24667,48,354,0
32,2,5098,2,0,2,1300,1,30167,48,-1109,0
32,2,2080,2,0,3,1400,1,35667,49,-3630,0
32,1,4034,1,1,2,1500,1,1000,12,7676,1
32,2,5145,1,0,2,1600,1,1500,12,6802,1
32,3,5161,1,0,2,1700,1,2000,12,6382,1
32,1,4066,1,0,2,1800,1,2500,12,6389,1
33,2,5192,1,0,2,1900,1,3000,12,6409,1
33,3,5207,1,0,4,2000,1,3500,12,6032,1
33,2,4098,1,1,2,2100,1,4000,12,6758,1
33,2,5239,1,0,2,2200,1,4500,12,5823,0
33,2,5254,1,0,2,2300,1,5000,12,5650,0
33,3,4130,1,0,2,2400,1,5500,12,5479,0
33,3,5286,1,0,2,2500,1,2000,12,6759,1
33,3,5301,1,0,4,2600,1,2500,12,6826,1
33,3,4163,1,0,2,2700,1,3000,12,6001,1
33,3,5332,1,1,2,2800,1,3500,12,7487,1
33,3,5348,1,0,2,2900,1,4000,12,6397,1
34,3,4195,1,0,2,3000,1,4500,12,5722,0
34,3,5379,1,0,2,3100,0,5000,12,1216,0
34,3,5395,1,1,4,3200,0,5500,12,2282,0
34,3,4227,1,0,2,3300,0,2000,12,1243,0
34,3,5426,1,0,2,3400,0,2500,12,1744,0
34,3,5442,1,1,2,3500,0,3000,12,2654,0
34,3,4259,1,1,2,3600,0,3500,12,1964,0
34,3,5473,1,0,4,3700,0,4000,12,1628,0
34,3,5489,1,0,2,3800,0,4500,12,1382,0
34,3,4292,1,0,2,3900,0,5000,12,685,0
35,3,4302,1,0,2,4000,0,5500,12,592,0
35,3,5535,1,1,2,4100,0,2000,12,2911,0
35,2,5551,1,0,4,1000,0,2500,12,1873,0
35,2,4335,1,0,2,1100,0,3000,12,1032,0
35,2,5582,1,0,2,1200,0,3500,12,1577,0
35,2,5598,1,1,2,1300,0,4000,12,2506,0
35,2,4367,1,0,2,1400,0,4500,12,812,0
35,2,5629,1,0,4,1500,0,5000,12,1518,0
35,2,5645,1,0,2,1600,1,5500,12,6293,1
35,2,4399,1,0,2,1700,1,2000,12,6392,1
36,2,5676,1,1,2,1800,1,2500,18,7591,1
36,2,5692,1,0,2,1900,1,3000,18,6521,1
36,2,4431,1,0,4,2000,1,3500,22,5724,0
36,2,4442,1,0,2,2100,1,4000,25,5318,0
36,2,5739,1,1,2,2200,1,4500,28,6708,1
36,2,5754,1,1,2,2300,1,5000,31,6457,1
36,2,4474,1,0,2,2400,1,5500,34,4558,0
36,2,5785,1,0,4,2500,1,2000,37,5907,0
36,2,5801,1,0,2,2600,1,2500,40,5504,0
36,2,4506,1,0,2,2700,1,3000,43,4598,0
37,2,5832,1,1,2,2800,1,3500,46,6002,1
37,2,5848,1,0,2,2900,1,4000,49,4751,0
37,2,4539,1,0,4,3000,1,4500,12,6389,1
37,2,5879,1,0,2,3100,1,5000,12,6830,1
37,2,5895,1,0,2,3200,1,5500,12,6759,1
37,2,4571,1,0,2,3300,1,6000,12,6018,1
37,2,5926,1,0,4,3400,1,6500,12,6767,1
37,2,5942,1,0,2,3500,1,7000,12,6546,1
37,2,4603,1,0,2,3600,1,7500,12,5798,0
37,1,4614,1,0,4,3700,1,8000,12,6224,1
37,1,5989,1,0,4,3800,1,8500,12,6833,1
38,1,6004,1,0,3,3900,1,9000,12,6612,1
38,1,4646,1,0,3,4000,1,9500,12,5854,0
38,1,6035,1,0,4,4100,1,10000,12,6620,1
38,2,6051,1,0,3,4200,1,2000,12,7750,1
38,2,4678,1,0,3,4300,1,2500,12,6984,1
38,2,6082,1,0,4,4400,1,3000,12,7756,1
38,2,6098,1,0,3,4500,1,3500,12,7537,1
38,2,4710,1,0,4,4600,1,4000,12,6913,1
38,2,6129,1,0,3,4700,1,4500,12,7395,1
38,2,6145,1,0,3,4800,1,5000,12,7324,1
39,2,4743,2,0,3,4900,1,5500,12,6544,1
39,2,4753,2,0,3,5000,1,6000,12,6471,1
39,2,6192,2,0,3,5100,1,6500,12,7125,1
39,2,6207,2,0,3,5200,1,7000,12,7056,1
39,2,4786,2,0,3,5300,1,7500,12,6269,1
39,2,6239,2,0,3,5400,1,8000,12,6919,1
39,2,6254,2,0,3,5500,1,8500,12,6850,1
39,2,4818,2,0,3,5600,0,9000,12,1056,0
39,2,6285,2,1,3,1000,0,9500,12,1773,0
39,2,6301,2,0,3,1100,0,10000,12,705,0
40,2,4850,2,0,3,1200,0,2000,12,1603,0
40,2,6332,2,0,3,1300,0,2500,12,2267,0
40,2,6348,2,0,3,1400,0,3000,12,2199,0
40,2,4882,2,0,3,1500,0,3500,12,1390,0
40,2,6379,2,0,3,1600,0,4000,12,2062,0
40,2,6395,2,0,3,1700,0,4500,12,1993,0
40,2,4915,2,0,3,1800,0,5000,18,816,0
40,2,4925,2,0,3,1900,0,5500,18,745,0
40,2,6442,2,0,3,2000,0,6000,22,1187,0
40,2,6457,2,0,3,2100,0,6500,25,938,0
41,2,4958,2,0,3,2200,0,7000,28,-68,0
41,2,6489,2,0,4,2300,0,7500,31,585,0
41,2,6504,2,0,3,2400,0,8000,34,193,0
41,2,4990,2,0,3,2500,0,8500,37,-821,0
41,2,6535,2,0,3,2600,0,9000,40,-305,0
41,2,6551,2,0,3,2700,0,9500,43,-553,0
41,2,5022,2,0,3,2800,0,10000,46,-1574,0
41,2,6582,2,0,3,2900,1,2000,49,5650,0
41,2,6598,2,0,3,3000,1,2500,12,7801,1
41,2,5054,2,0,3,3100,1,3000,12,6953,1
41,2,6629,2,0,3,3200,1,3500,12,7664,1
42,2,6645,2,0,3,3300,1,4000,12,7595,1
42,2,5086,2,0,3,3400,1,4500,12,6739,1
42,2,6676,2,1,3,3500,1,5000,12,8458,1
42,2,6692,2,0,3,3600,1,5500,12,7389,1
42,2,1127,2,0,3,3700,1,6000,12,4530,0
42,2,1128,2,0,3,3800,1,6500,12,4455,0
42,2,1130,2,0,4,3900,1,7000,12,4520,0
42,1,1131,2,0,3,4000,1,7500,12,4557,0
42,1,1133,2,0,3,4100,1,8000,12,4479,0
42,1,5172,2,0,3,1000,1,8500,12,5780,0
43,1,6801,2,0,3,1100,1,9000,12,6516,1
43,1,6817,2,0,3,1200,1,9500,12,6445,1
43,1,5205,2,0,3,1300,1,10000,12,5560,0
43,1,6848,2,0,3,1400,1,2000,12,8003,1
43,1,6864,2,0,3,1500,1,2500,12,7932,1
43,1,1143,2,0,3,1600,1,3000,12,4993,0
43,1,1144,2,0,3,1700,1,3500,12,4915,0
43,1,1146,2,0,3,1800,1,4000,12,4837,0
43,1,1147,2,0,3,1900,1,4500,12,4759,0
43,1,1149,2,0,3,2000,1,5000,12,4681,0
44,1,5291,2,0,3,2100,1,5500,12,6673,1
44,1,6973,2,0,3,2200,1,6000,12,7436,1
44,1,6989,2,1,3,2300,1,6500,12,8365,1
44,1,5323,2,0,4,2400,1,7000,12,6591,1
44,1,7020,10,0,3,2500,1,7500,12,7642,1
44,1,7035,10,0,3,2600,1,8000,12,7572,1
44,1,1159,4,0,3,2700,1,8500,12,4261,0
44,1,1161,4,0,3,2800,1,9000,12,4183,0
44,2,1162,6,0,3,2900,1,9500,12,3988,0
44,2,1164,6,0,3,3000,1,10000,12,3911,0
45,2,1165,6,0,3,3100,1,2000,12,5533,0
45,2,5409,10,0,3,3200,1,2500,12,7789,1
45,2,7145,12,0,3,3300,1,3000,18,8306,1
45,2,7160,12,0,3,3400,1,3500,18,8236,1
45,2,5441,10,0,3,3500,1,4000,22,6972,1
45,2,7192,12,0,3,3600,1,4500,25,7677,1
45,2,7207,12,0,3,3700,1,5000,28,7427,1
45,2,1175,6,0,3,3800,1,5500,31,3851,0
45,2,1177,6,0,3,3900,1,6000,34,3594,0
45,2,1178,6,0,3,4000,1,6500,37,3336,0
46,2,1180,6,0,3,4100,1,7000,40,3079,0
46,2,1181,6,0,4,4200,1,7500,43,2957,0
46,2,5527,10,0,3,4300,1,8000,46,4953,0
46,2,7317,12,1,3,4400,1,8500,49,6679,1
46,2,7332,12,0,3,4500,1,9000,12,7830,1
46,2,5559,10,0,3,4600,1,9500,12,6776,1
46,2,7364,12,0,3,4700,1,10000,12,7691,1
46,2,7379,12,0,3,4800,1,10000,12,7721,1
46,2,1191,6,0,3,4900,1,21000,12,2139,0
46,2,1193,6,0,3,5000,1,24667,12,1429,0
46,2,1194,6,0,3,5100,1,30167,12,351,0
47,2,1196,6,0,3,5200,1,35667,12,-726,0
47,2,1197,6,0,3,5300,1,1000,12,6230,1
47,2,5645,10,0,3,5400,1,1500,12,8598,1
47,2,7489,12,0,3,5500,1,2000,12,9533,1
47,2,7504,12,0,3,5600,1,2500,12,9464,1
47,1,5677,10,0,3,5700,1,3000,12,8381,1
47,1,7535,12,0,3,5800,1,3500,12,9324,1
47,1,7551,12,0,3,5900,1,4000,12,9255,1
47,1,1207,6,0,4,6000,1,4500,12,5820,0
47,1,1209,6,0,3,6100,1,5000,12,5610,0
48,1,1210,6,0,3,1000,1,5500,12,4493,0
48,1,1212,6,0,3,1100,1,2000,12,5215,0
48,2,1213,7,0,3,1200,1,2500,12,5033,0
48,1,5763,10,0,3,1300,1,3000,12,7562,1
48,1,7660,12,1,3,1400,1,3500,12,9527,1
48,1,7676,12,0,3,1500,1,4000,12,8458,1
48,2,5795,12,0,3,1600,1,4500,12,7238,1
48,1,7707,12,0,3,1700,0,5000,12,3318,0
48,1,7723,12,0,3,1800,0,5500,12,3249,0
48,1,5828,10,0,3,1900,0,2000,12,2928,0
49,1,7754,12,0,3,2000,0,2500,12,3909,0
49,2,7770,14,0,3,2100,0,3000,12,3730,0
49,1,5860,10,0,3,2200,0,3500,12,2711,0
49,2,7801,14,0,3,2300,0,4000,12,3589,0
49,2,7817,14,0,3,2400,0,4500,12,3519,0
49,1,1232,6,0,4,2500,0,5000,12,60,0
49,2,1234,7,0,3,2600,0,5500,12,-259,0
49,2,1235,7,0,3,2700,0,2000,12,463,0
49,2,1237,7,0,3,2800,0,2500,18,25,0
49,1,1238,6,0,3,2900,0,3000,18,61,0
50,1,5946,10,0,3,3000,0,3500,22,2332,0
50,1,7926,12,0,3,3100,0,4000,25,3163,0
50,2,7942,14,0,3,3200,0,4500,28,2797,0
50,1,5978,10,0,3,3300,0,5000,31,1575,0
50,1,7973,12,1,3,3400,1,5500,34,8414,1
50,1,7989,12,0,3,3500,1,2000,37,7964,1
50,1,1248,5,0,3,3600,1,2500,40,3999,0
50,2,1250,7,0,3,3700,1,3000,43,3622,0
50,1,1251,5,0,3,3800,1,3500,46,3484,0
50,1,1253,5,0,3,3900,1,4000,49,3227,0
50,1,1254,5,0,3,4000,1,4500,12,5369,0
51,2,6064,12,0,3,4100,1,5000,12,7815,1
51,1,8098,12,0,4,4200,1,5500,12,9103,1
51,1,8114,12,0,3,4300,1,2000,12,9707,1
51,1,6096,10,0,3,4400,1,2500,12,8519,1
51,1,8145,12,0,3,4500,1,3000,12,9568,1
51,1,8160,12,0,3,4600,1,3500,12,9498,1
51,2,1265,7,1,3,4700,1,4000,12,6502,1
51,1,1266,5,0,3,4800,1,4500,12,5550,0
51,2,1268,7,0,3,4900,1,5000,12,5346,0
51,2,1269,7,0,3,5000,1,5500,12,5268,0
52,2,1270,7,0,3,5100,1,6000,12,5190,0
52,1,6182,10,0,3,5200,1,6500,12,7941,1
52,2,8270,14,0,3,5300,1,7000,12,8882,1
52,2,8285,14,0,4,5400,1,7500,12,8935,1
52,2,6214,12,0,3,5500,1,8000,12,7594,1
52,2,8317,14,0,3,5600,1,8500,12,8671,1
52,1,8332,12,0,3,5700,1,9000,12,8732,1
52,1,1281,5,0,3,5800,1,9500,12,4776,0
52,2,1282,7,0,4,5900,1,10000,12,4689,0
52,2,1284,7,0,3,6000,1,2000,12,6187,1
53,2,1285,7,0,3,6100,1,2500,12,6109,1
53,1,1287,5,0,3,6200,1,3000,12,6166,1
53,1,6300,10,0,3,6300,1,3500,12,8845,1
53,2,8442,14,1,3,6400,1,4000,12,10809,1
53,1,8457,12,0,3,6500,1,4500,12,9875,1
53,2,6333,12,0,3,6600,1,5000,12,8491,1
53,1,8489,12,0,4,6700,1,5500,12,9857,1
53,1,8504,12,0,3,6800,1,6000,12,9666,1
53,2,1297,7,0,3,6900,1,6500,12,5485,0
53,1,1298,5,0,3,7000,1,7000,12,5546,0
54,2,1300,7,0,3,7100,1,7500,12,5329,0
54,2,1301,7,0,3,7200,1,8000,12,5251,0
54,1,1303,5,0,3,7300,1,8500,12,5314,0
54,2,6418,12,0,3,7400,0,9000,12,2908,0
54,1,8614,12,0,3,7500,0,9500,18,3818,0
54,2,8629,15,0,4,7600,0,10000,18,3726,0
54,1,6451,10,0,3,7700,0,2000,22,3932,0
54,1,8660,12,0,3,7800,0,2500,25,4889,0
54,2,8676,15,0,3,7900,0,3000,28,4495,0
54,1,1313,5,0,3,8000,0,3500,31,332,0
54,2,1314,7,1,3,8100,0,4000,34,929,0
55,2,1316,7,0,3,8200,0,4500,37,-329,0
55,2,1317,7,0,3,8300,0,5000,40,-588,0
55,1,1319,5,0,3,8400,0,5500,43,-698,0
55,1,6537,10,0,3,8500,0,6000,46,1914,0
55,2,8785,15,0,3,8600,0,6500,49,2743,0
55,2,8801,15,0,3,1000,0,7000,12,3353,0
55,1,6569,10,0,3,1100,0,7500,12,2197,0
55,1,8832,13,0,4,1200,0,8000,12,3481,0
55,2,8848,15,0,3,1300,0,8500,12,3142,0
55,1,6601,10,0,3,1400,0,9000,12,1980,0
56,2,8879,15,0,3,1500,0,9500,12,3002,0
56,1,8895,13,0,1,1600,0,10000,12,2902,0
56,2,6633,13,0,2,1700,1,2000,12,8226,1
56,1,8926,13,0,3,1800,1,2500,12,9662,1
56,1,8942,13,0,4,1900,1,3000,12,9692,1
56,1,1338,5,0,1,2000,1,3500,12,5132,0
56,1,1339,5,0,2,2100,1,4000,12,5154,0
56,1,1341,5,0,3,2200,1,4500,12,5177,0
56,1,1342,5,0,4,2300,1,5000,12,5199,0
56,1,1344,5,0,1,2400,1,5500,12,4821,0
57,1,6719,10,1,2,2500,1,6000,12,8799,1
57,1,9051,13,0,3,2600,1,6500,12,9104,1
57,1,9067,13,0,4,2700,1,7000,12,9134,1
57,1,6751,10,0,1,2800,1,7500,12,7482,1
57,1,9098,13,0,2,2900,1,8000,12,8794,1
57,1,9114,13,0,3,3000,1,8500,12,8824,1
57,1,1354,5,0,4,3100,1,9000,12,4578,0
57,2,1355,7,0,4,3200,1,9500,12,4295,0
57,1,1357,5,0,4,3300,1,10000,12,4404,0
57,1,1358,5,0,4,3400,1,2000,12,6050,1
58,1,1360,5,0,4,3500,1,2500,12,5996,0
58,1,6837,10,0,1,3600,1,3000,12,8602,1
58,1,9223,13,0,2,3700,1,3500,12,9935,1
58,1,9238,13,0,3,3800,1,4000,12,9966,1
58,1,6870,10,0,4,3900,1,4500,12,8684,1
58,1,9270,13,0,3,4000,1,5000,12,9794,1
58,1,9285,13,0,3,4100,1,5500,12,9724,1
58,1,1370,5,0,4,4200,1,6000,12,5424,0
58,1,1372,5,1,3,4300,1,6500,12,6215,1
58,1,1373,5,0,3,4400,1,7000,12,5137,0
58,1,1374,5,0,3,4500,1,7500,18,4700,0
59,1,1376,5,0,3,4600,1,8000,18,4622,0
59,2,6956,13,0,3,4700,1,8500,22,7201,1
59,1,9395,13,0,3,4800,1,9000,25,8456,1
59,1,9410,13,0,3,4900,1,9500,28,8207,1
59,1,6988,10,0,3,5000,1,10000,31,6616,1
59,2,9442,15,0,3,5100,1,2000,34,9233,1
59,1,9457,13,0,3,5200,1,2500,37,9158,1
59,1,1386,5,0,3,5300,1,3000,40,4460,0
59,1,1388,5,0,3,5400,1,3500,43,4203,0
59,1,1389,5,0,3,5500,1,4000,46,3946,0
60,1,1391,5,0,3,5600,1,4500,49,3688,0
60,1,1392,5,0,3,5700,1,5000,12,5831,0
60,2,7074,13,0,3,5800,1,5500,12,8699,1
60,1,9567,13,0,4,5900,1,6000,12,10299,1
60,1,9582,13,0,3,6000,1,6500,12,10101,1
60,1,7106,10,0,3,6100,1,7000,12,8660,1
60,1,9613,13,0,3,6200,1,7500,12,9961,1
60,1,9629,13,1,3,6300,1,8000,12,10892,1
60,1,1402,5,0,3,6400,1,8500,12,5289,0
60,2,1404,7,0,3,6500,1,9000,12,5029,0
61,1,1405,5,0,3,6600,1,9500,12,5134,0
61,1,1407,5,0,3,6700,1,10000,12,5056,0
61,1,1408,5,0,3,6800,1,10000,12,5079,0
61,1,7192,10,0,3,6900,1,21000,12,6082,1
61,1,9738,13,0,3,7000,1,24667,12,6771,1
61,1,9754,13,0,3,7100,1,30167,12,5701,0
61,1,7224,10,0,3,7200,1,35667,12,3231,0
61,1,9785,13,0,3,7300,1,1000,12,11595,2
61,1,9801,13,0,3,7400,1,1500,12,11525,2
61,1,1418,5,0,3,7500,1,2000,12,6837,1
62,1,1420,5,0,4,7600,1,2500,12,6885,1
62,1,1421,5,0,3,7700,1,3000,12,6682,1
62,1,1423,5,0,3,7800,1,3500,12,6604,1
62,1,1424,5,0,3,7900,1,4000,12,6527,1
62,1,7310,10,0,3,8000,1,4500,12,9686,1
62,1,9910,13,0,3,8100,1,5000,12,11038,2
62,1,9926,13,0,3,8200,1,5500,12,10968,1
62,1,7342,10,1,3,8300,1,2000,12,11269,2
62,2,9957,16,0,3,8400,1,2500,12,11435,2
62,1,9973,13,0,3,8500,1,3000,12,11559,2
62,1,7374,10,0,3,8600,1,3500,12,10052,1
63,1,10004,13,0,3,8700,1,4000,12,11420,2
63,1,10020,13,0,4,8800,1,4500,12,11474,2
63,1,7407,10,0,3,8900,0,5000,12,4835,0
63,1,10051,13,0,3,9000,0,5500,12,6211,1
63,1,10067,13,0,3,9100,0,2000,12,6941,1
63,1,1443,4,0,3,9200,0,2500,18,1760,0
63,1,1445,4,0,4,9300,0,3000,18,1806,0
63,1,1446,4,0,3,9400,0,3500,22,1365,0
63,1,1448,4,0,3,9500,0,4000,25,1108,0
63,1,1449,4,0,3,9600,0,4500,28,851,0
64,2,7493,13,0,3,9700,0,5000,31,3714,0
64,1,10176,13,0,3,9800,0,5500,34,5134,0
64,1,10192,13,0,3,9900,0,2000,37,5684,0
64,1,7525,10,0,3,10000,0,2500,40,3959,0
64,1,10223,13,0,4,10100,0,3000,43,5307,0
64,1,10238,13,0,3,10200,0,3500,46,4935,0
64,1,1459,4,0,3,10300,0,4000,49,-152,0
64,1,1461,4,0,3,10400,0,4500,12,1991,0
64,1,1462,4,1,3,10500,0,5000,12,2914,0
64,1,1464,4,0,3,10600,1,5500,12,6836,1
65,1,1465,4,0,3,10700,1,2000,12,7559,1
65,1,7611,10,0,3,10800,1,2500,12,10860,1
65,1,10348,13,0,3,10900,1,3000,12,12288,2
65,1,10363,13,0,4,11000,1,3500,12,12338,2
65,2,7643,14,0,3,11100,1,4000,12,10433,1
65,1,10395,13,0,3,11200,1,4500,12,12079,2
65,1,10410,13,0,3,11300,1,5000,12,12009,2
65,1,1476,4,1,3,11400,1,5500,12,8017,1
65,1,1477,4,0,3,11500,1,2000,12,7739,1
65,1,1478,4,0,3,11600,1,2500,12,7662,1
66,1,1480,4,0,3,11700,1,3000,12,7584,1
66,1,1481,4,0,3,11800,1,3500,12,7507,1
66,1,7729,11,0,3,11900,1,4000,12,10865,1
66,1,10520,13,0,3,12000,1,4500,12,12321,2
66,1,10535,13,0,3,12100,1,5000,12,12252,2
66,1,7761,11,0,3,12200,1,5500,12,10648,1
66,1,10567,13,0,4,12300,1,6000,12,12230,2
66,1,10582,13,0,3,12400,1,6500,12,12043,2
66,1,1492,4,0,3,12500,1,7000,12,6965,1
66,1,1493,4,0,3,12600,1,7500,12,6887,1
66,1,1495,4,0,1,12700,1,8000,12,6627,1
67,2,1496,7,0,2,12800,1,8500,12,6429,1
67,1,1497,4,1,3,12900,1,9000,12,7672,1
67,1,7847,11,0,4,13000,1,9500,12,10186,1
67,1,10692,13,0,1,13100,1,10000,12,11372,2
67,1,10707,13,0,2,13200,1,2000,12,13102,2
67,1,7879,11,0,3,13300,1,2500,12,11568,2
67,1,10738,13,0,4,13400,1,3000,12,13162,2
67,1,10754,13,0,1,13500,1,3500,12,12792,2
67,2,1508,8,0,2,13600,1,4000,12,7503,1
67,1,1509,4,0,3,13700,1,4500,12,7751,1
68,1,1511,4,0,4,13800,1,5000,12,7773,1
68,1,1512,4,0,1,13900,1,5500,18,7036,1
68,1,1514,4,0,2,14000,1,6000,18,7058,1
68,2,7965,14,0,3,14100,1,6500,22,10160,1
68,1,10863,13,0,4,14200,1,7000,25,11824,2
68,1,10879,13,0,4,14300,1,7500,28,11531,2
68,1,7997,11,0,4,14400,1,8000,31,9711,1
68,1,10910,13,0,4,14500,1,8500,34,11079,2
68,1,10926,13,0,4,14600,0,9000,37,5853,0
68,1,1524,4,0,1,14700,0,9500,40,95,0
69,1,1525,4,0,2,14800,0,10000,43,-63,0
69,1,1527,4,0,3,14900,0,2000,46,1480,0
69,1,1528,4,0,4,15000,0,2500,49,1322,0
69,1,1530,4,1,3,15100,0,3000,12,4332,0
69,1,8083,11,0,3,15200,0,3500,12,6858,1
69,1,11035,13,0,4,15300,0,4000,12,8536,1
69,1,11051,14,0,3,15400,0,4500,12,8334,1
69,1,8116,11,0,3,15500,0,5000,12,6641,1
69,1,11082,14,0,3,15600,0,5500,12,8195,1
69,1,11098,14,0,3,15700,0,6000,12,8125,1
70,1,8148,11,0,3,15800,0,6500,12,6424,1
70,1,11129,14,0,3,15900,0,7000,12,7986,1
70,1,11145,14,0,3,16000,0,7500,12,7916,1
70,1,8180,11,0,3,16100,0,8000,12,6207,1
70,1,11176,14,0,3,16200,0,8500,12,7777,1
70,1,11192,14,0,3,16300,0,9000,12,7707,1
70,1,1549,4,0,3,16400,0,9500,12,2325,0
70,2,1550,8,0,3,16500,0,10000,12,2005,0
70,1,1552,4,0,3,16600,1,2000,12,8870,1
70,1,1553,4,0,3,16700,1,2500,12,8793,1
71,1,1555,4,0,3,16800,1,3000,12,8715,1
71,1,8266,11,0,3,16900,1,3500,12,12328,2
71,1,11301,14,0,4,17000,1,4000,12,14048,2
71,1,11317,14,0,3,17100,1,4500,12,13850,2
71,1,8298,11,0,3,17200,1,5000,12,12111,2
71,1,11348,14,0,3,17300,1,5500,12,13710,2
71,1,11363,14,1,3,17400,1,6000,12,14641,2
71,2,1565,8,0,3,17500,1,6500,12,7924,1
71,1,1566,4,0,3,17600,1,7000,12,8096,1
71,1,1568,4,0,3,17700,1,7500,12,8018,1
71,1,1569,4,0,3,17800,1,8000,12,7941,1
72,1,1571,4,0,3,17900,1,8500,12,7864,1
72,1,8384,11,0,3,18000,1,9000,12,11533,2
72,1,11473,14,0,3,18100,1,9500,12,13153,2
72,1,11488,14,0,3,18200,1,10000,12,13084,2
72,1,8416,11,0,3,18300,1,2000,12,13016,2
72,1,11520,14,0,3,18400,1,2500,12,14644,2
72,1,1800,4,0,3,18500,1,3000,12,9220,1
72,1,1802,4,0,3,18600,1,3500,18,8783,1
72,1,1805,4,0,4,18700,1,4000,18,8832,1
72,1,1807,4,0,3,18800,1,4500,22,8389,1
73,1,1809,4,0,3,18900,1,5000,25,8132,1
73,1,1812,4,1,3,19000,1,5500,28,8876,1
73,1,1814,4,0,3,19100,1,6000,31,7619,1
73,1,1817,4,0,3,19200,1,6500,34,7362,1
73,1,1819,4,0,3,19300,1,7000,37,7105,1
73,1,1822,4,0,3,19400,1,7500,40,6848,1
73,1,1824,4,0,3,19500,1,8000,43,6591,1
73,1,1827,4,0,3,19600,1,8500,46,6334,1
73,1,1829,4,0,3,19700,1,9000,49,6077,1
73,1,1831,4,0,3,19800,1,9500,12,8220,1
74,1,1834,4,0,4,19900,1,10000,12,8267,1
74,1,1836,4,0,3,20000,1,2000,12,9767,1
74,1,1839,4,0,3,20100,1,2500,12,9690,1
74,1,1841,4,0,3,20200,1,3000,12,9613,1
74,1,1844,4,0,3,20300,1,3500,12,9536,1
74,1,1846,4,0,4,20400,1,4000,12,9582,1
74,1,1849,4,0,3,20500,1,4500,12,9382,1
74,1,1851,4,0,3,20600,1,5000,12,9305,1
74,1,1853,4,1,3,20700,1,5500,12,10228,1
74,1,1856,4,0,3,20800,1,6000,12,9151,1
75,1,1858,4,0,3,20900,1,6500,12,9074,1
75,1,1861,4,0,3,21000,1,7000,12,8997,1
75,1,1863,4,0,3,21100,1,7500,12,8921,1
75,1,1866,4,0,4,21200,1,8000,12,8965,1
75,1,1868,4,0,3,21300,1,8500,12,8767,1
75,1,1870,4,0,3,21400,1,9000,12,8690,1
75,1,1873,4,0,3,21500,1,9500,12,8613,1
75,1,1875,4,1,3,21600,1,10000,12,9536,1
75,1,1878,4,0,3,21700,1,10000,12,8559,1
75,1,1880,4,0,3,21800,1,21000,12,6382,1
75,1,1883,4,0,3,21900,1,24667,12,5672,0
76,1,1885,4,0,3,22000,1,30167,12,4595,0
76,1,1888,4,0,4,22100,1,35667,12,3638,0
76,1,1890,4,0,3,22200,1,40250,12,2625,0
76,1,1892,4,0,3,22300,1,45200,12,1658,0
76,1,1895,4,1,3,22400,1,50150,12,1691,0
76,1,1897,4,0,3,22500,1,55100,12,-276,0
76,1,1900,4,0,3,22600,1,60050,12,-1243,0
76,1,1902,4,0,3,22700,1,65000,12,-2210,0
76,1,1905,4,0,3,22800,1,2500,12,10313,1
76,1,1907,4,1,3,22900,1,3000,12,11236,2
77,1,1910,4,0,3,23000,1,3500,12,10159,1
77,1,1912,4,0,3,23100,1,4000,12,10083,1
77,1,1914,4,0,3,23200,1,4500,12,10006,1
77,1,1917,4,0,3,23300,1,5000,18,9569,1
77,1,1919,4,0,4,23400,1,5500,18,9610,1
39,3,1227,5,0,2,43580,0,32383,23,1263,0
61,1,2353,9,0,3,61601,0,45151,28,3797,0
55,3,3454,21,0,2,75233,1,33723,6,15419,2
74,2,3605,21,1,4,1232,0,22765,10,-614,0
51,2,4486,20,0,3,50952,0,31911,28,5481,0
72,1,1508,17,1,3,57548,1,49610,18,8782,1
49,2,3288,18,0,3,17397,1,16023,10,7309,1
80,1,2533,19,0,4,24545,1,16921,21,8331,1
66,3,4450,12,1,3,364,1,48196,28,-2511,0
62,2,2161,24,0,4,52457,0,13304,9,9891,1
61,1,3135,5,0,4,44699,0,6221,26,8613,1
53,1,4094,8,0,4,47506,1,8796,24,14329,2
56,3,3355,16,0,3,18520,1,48531,9,745,0
29,2,2497,17,0,3,6459,1,8728,8,6055,1
24,3,4484,18,1,3,42840,0,35253,10,4549,0
18,1,1858,16,1,2,25037,0,26438,17,1459,0
14,2,2861,21,1,4,16585,0,36621,25,-2187,0
79,3,1975,24,0,3,21533,1,35992,8,3856,0
24,3,1347,8,1,4,58541,1,17619,26,13288,2
20,3,4067,13,1,2,39020,1,12783,26,11721,2
41,1,2811,6,0,3,64355,1,12773,25,15882,2
53,1,4286,15,1,3,17380,1,2841,8,11801,2
62,3,4092,13,1,3,57535,1,5195,21,17774,2
49,2,3165,7,1,3,28092,0,26368,12,2647,0
72,1,4378,21,1,2,38739,1,33645,27,9208,1
23,2,4974,14,0,2,72142,1,22495,21,16586,2
78,3,3605,23,1,2,66519,1,38506,29,12745,2
22,3,1331,20,1,2,62938,0,18845,23,9474,1
78,2,2332,18,0,1,78769,0,41619,28,7996,1
58,2,2647,9,0,2,78437,1,37518,12,14317,2
27,3,2956,18,0,1,47291,0,8043,14,8708,1
78,1,2067,12,1,3,14990,1,20886,8,6704,1
63,3,2126,15,0,3,33315,0,6955,8,6485,1
36,3,2591,15,0,2,2248,1,47378,17,-3491,0
35,2,1149,19,0,1,26546,1,22210,13,6362,1
77,2,2892,11,1,4,69503,0,14243,18,13438,2
47,3,3069,12,0,3,38556,1,32397,29,6346,1
34,1,2254,23,1,2,60134,0,48245,6,5485,0
69,2,4604,17,1,2,73969,0,42014,14,9893,1
54,1,4121,10,0,4,50264,0,44944,15,3315,0
70,1,3122,24,1,3,64936,0,13934,10,14011,2
74,3,1613,10,0,1,64926,1,19693,27,13523,2
74,3,4225,9,0,4,43878,1,9971,20,13234,2
76,2,1223,8,1,3,12245,0,45206,22,-5541,0
37,1,2856,12,0,3,57039,0,42688,26,3658,0
59,1,2862,11,1,3,66429,1,15481,27,17091,2
50,1,2575,15,1,2,55983,1,31738,7,12817,2
66,1,4838,16,0,1,2668,0,47588,17,-6375,0
44,2,3229,10,0,2,45412,1,45515,19,5894,0
80,1,1458,16,1,1,59371,1,11672,24,16179,2
34,2,3566,19,1,2,66264,0,20036,25,11319,2
79,2,2526,15,1,3,46044,0,15182,13,8795,1
33,2,2664,17,1,3,34020,0,1624,25,8091,1
37,2,4407,18,1,3,8390,1,39923,29,1027,0
40,3,4566,13,0,4,26391,0,48119,27,-3283,0
51,1,3221,11,0,1,68144,0,2977,24,14014,2
39,3,1860,22,0,2,25609,0,19162,8,2379,0
26,2,3646,23,0,1,62777,1,9292,6,17970,2
48,3,3626,5,1,4,14264,0,34618,20,-2378,0
31,3,2617,8,0,4,70108,0,17045,25,10481,1
16,2,2382,22,0,3,61468,0,48627,11,3959,0
42,2,1667,9,1,1,21338,1,36463,6,3719,0
47,2,1678,15,1,3,76697,0,26529,27,11073,2
40,3,4635,21,1,1,8055,1,13421,17,6724,1
46,2,2670,8,1,4,61913,0,12112,17,11835,2
48,1,2830,18,0,1,60583,0,40275,13,5827,0
33,2,3137,5,0,1,39137,0,5910,7,7774,1
77,2,1902,14,1,4,44049,0,41571,6,3257,0
74,3,1329,24,0,3,43807,0,11732,24,6830,1
21,1,1298,15,0,4,69506,0,20253,17,10490,1
76,2,1282,24,0,4,26638,0,49084,14,-3028,0
71,1,3081,18,1,2,73046,1,15100,18,19510,2
62,2,2953,7,1,3,8443,1,6005,9,7994,1
39,2,3984,18,0,3,73104,1,28091,27,15265,2
32,3,2217,13,1,3,35427,0,36198,14,1334,0
18,2,4993,16,1,2,70000,0,7877,29,14661,2
54,2,1240,12,0,4,36148,0,26810,6,2968,0
26,3,3692,19,1,1,63180,1,40760,22,11270,2
41,2,4440,10,1,2,67584,0,18020,19,12403,2
36,1,2971,16,1,4,10810,1,19551,8,6467,1
71,2,4119,15,0,4,73958,0,6262,22,15439,2
67,2,1798,7,0,3,18040,1,22791,27,3949,0
30,2,3241,5,1,3,52820,0,29335,21,6208,1
19,1,1772,20,1,1,16533,1,32404,14,3812,0
25,2,1458,17,1,3,59533,1,15688,12,15478,2
47,1,1401,6,0,1,65781,0,31110,12,7435,1
24,1,4607,21,1,1,6846,0,40971,23,-3862,0
58,3,3399,22,0,2,71552,0,1441,17,15532,2
61,2,2528,21,1,3,70098,0,39372,9,9129,1
34,1,1624,21,0,3,42923,0,16521,10,6832,1
39,3,1243,12,1,3,42735,1,8796,23,12269,2
64,2,2177,5,0,3,67177,1,35707,28,11193,2
66,1,4800,6,1,2,60407,1,4518,15,19488,2
66,3,4212,15,1,4,30503,0,8810,14,7365,1
54,1,3604,13,1,2,18006,1,10939,28,8575,1
75,3,2979,24,0,2,65620,0,32853,16,8183,1
25,3,4576,7,1,3,37086,0,37554,9,2504,0
43,3,1809,5,1,3,32070,1,23324,24,7144,1
37,3,1266,15,0,3,46643,0,38941,21,1283,0
35,2,4933,7,1,3,71743,0,23614,9,12852,2
32,3,1579,24,0,2,44348,0,28187,7,4272,0
16,1,4314,23,1,4,1439,1,40838,8,1157,0
18,2,3006,15,0,2,23462,1,8285,24,8528,1
71,1,2047,17,1,3,43812,1,11421,23,13632,2
31,1,3125,11,0,3,37774,0,15382,8,6371,1
24,2,1899,17,1,2,8864,0,46574,18,-6083,0
77,2,4954,15,1,1,6558,1,2688,26,8611,1
25,3,4165,10,0,2,3627,1,30632,30,-219,0
36,2,4437,22,0,3,36506,1,14338,20,11512,2
58,2,3381,5,1,3,71604,1,13208,15,18900,2
79,2,4866,9,1,1,15645,1,35148,18,4092,0
21,2,3705,5,1,1,77164,1,21803,20,17585,2
79,3,4695,7,1,2,63353,1,7595,13,19009,2
21,1,1330,22,1,1,62534,0,43074,22,5297,0
39,2,1609,17,0,1,51010,1,8179,6,14651,2
32,2,4776,8,1,2,12600,0,26701,7,368,0
56,1,2712,12,0,4,64220,0,49573,25,3995,0
66,2,2228,24,0,4,40106,0,21658,11,5704,0
12,1,3441,23,0,1,6030,0,4813,21,1724,0
25,3,4189,17,1,1,40004,1,44761,24,5853,0
64,1,1664,24,1,1,5852,1,21968,9,4659,0
56,2,2473,18,1,4,73235,0,4654,27,15493,2
40,1,3191,7,1,2,13717,1,42308,13,1697,0
13,3,4145,10,1,4,3041,0,47986,23,-7317,0
55,2,4531,24,1,2,18233,1,26533,14,7016,1
61,1,4722,10,1,4,49859,1,40794,17,10314,1
55,2,4848,20,1,1,68560,0,18797,14,13487,2
48,3,3442,12,0,3,27213,0,10609,19,4232,0
68,2,1108,6,0,1,1497,1,42973,6,-2721,0
18,1,4120,9,0,2,39266,0,3021,25,8289,1
69,3,4621,23,1,3,15644,0,16611,9,3667,0
56,2,3467,11,1,4,45391,1,26508,12,11600,2
28,1,3458,14,0,2,46153,0,1663,17,10437,1
43,3,2041,18,1,4,4336,0,22651,14,-1803,0
56,3,3921,19,1,2,24276,1,23257,16,7864,1
79,1,3400,5,1,3,62188,0,40568,6,7654,1
68,2,4726,22,0,1,15014,0,14059,17,2714,0
72,3,1403,10,1,1,37058,0,43626,28,-1022,0
27,2,4794,7,0,4,37255,1,46184,7,5511,0
19,2,1190,20,0,2,21888,1,35430,12,2857,0
13,3,3414,16,1,4,74662,0,30363,7,11427,2
57,3,1702,11,0,3,47453,1,30753,10,8961,1
21,3,1941,22,0,2,54402,1,47871,17,6717,1
69,1,2842,7,0,3,54775,0,23108,25,7244,1
15,2,3271,7,0,2,78712,1,22832,27,16192,2
14,2,1129,15,1,3,5424,0,14197,20,-900,0
64,2,1582,6,1,2,7380,0,15447,13,-162,0
55,2,2707,15,1,2,37039,1,36309,30,6500,1
22,3,3445,21,1,2,46678,0,19796,22,7199,1
64,1,3966,6,0,3,22432,0,21639,9,2492,0
76,1,3904,20,1,4,77826,0,30501,30,12427,2
47,2,3744,23,1,2,14635,1,45182,28,1203,0
27,3,1931,9,1,1,53991,0,32554,24,4583,0
75,2,3719,7,0,1,66476,1,7625,7,18710,2
73,3,2662,9,0,3,31130,1,14609,23,8685,1
70,3,2593,14,1,1,62668,0,45297,14,5381,0
55,1,1558,8,1,1,47578,1,27453,29,9764,1
17,1,2046,23,0,4,52833,1,27181,15,11623,2
54,1,1345,15,1,2,38629,1,24447,20,9449,1
68,1,3073,14,0,1,31996,0,23749,18,3236,0
59,3,3665,10,1,4,1282,1,38193,11,230,0
51,2,1248,21,1,2,12507,0,15589,22,748,0
79,3,2961,5,1,4,32628,1,4738,18,12369,2
33,2,1420,19,0,4,5811,0,28374,27,-4443,0
25,1,1392,21,0,3,39820,1,16485,23,10233,1
42,1,3516,12,1,4,33265,0,48937,21,-566,0
53,1,3460,12,0,3,46483,0,39400,22,2907,0
53,3,2019,24,1,3,73727,0,11123,25,14010,2
33,1,4356,22,1,2,12119,0,34089,6,-296,0
39,2,4164,14,0,1,68971,0,16728,15,12121,2
67,2,1346,24,1,1,32521,0,15644,12,5598,0
36,3,4499,8,0,2,53096,1,14365,11,14246,2
53,1,1369,23,0,3,44268,1,41262,27,6296,1
14,3,3253,24,0,1,68332,1,44948,12,10973,1
16,1,3863,6,0,1,5979,1,22747,26,2228,0
58,3,3750,9,1,1,24780,1,34345,10,5442,0
18,1,1360,13,0,4,79912,0,6723,16,15238,2
28,3,1632,20,0,3,79291,1,25859,28,15352,2
62,1,2394,13,1,3,50247,1,44730,27,7900,1
59,2,1203,21,0,4,51595,0,22122,10,7236,1
25,1,4036,8,1,3,39418,1,13646,6,13412,2
79,1,1776,6,1,4,13776,0,33677,12,-1672,0
40,2,3614,16,1,2,79602,1,22840,21,18599,2
55,2,2534,13,0,1,20942,0,45852,17,-4135,0
25,1,3493,24,1,3,25733,0,47210,8,-629,0
79,3,2165,7,1,2,49443,1,20022,21,11997,2
13,1,2462,19,1,1,63739,1,28146,13,14400,2
64,2,2398,8,1,1,34457,1,43264,22,4558,0
60,3,4267,23,1,1,42393,1,39787,27,7835,1
47,3,2052,15,1,3,61828,1,3493,15,18263,2
54,1,4511,21,1,2,76344,1,40200,9,16384,2
37,3,2701,23,0,4,17886,0,34827,18,-2248,0
54,1,1143,16,0,1,23762,1,2229,30,9168,1
29,1,4301,24,0,4,40845,1,42305,7,7979,1
50,1,2840,9,0,1,45547,1,15574,12,12395,2
77,2,3030,22,0,1,6749,0,47390,16,-6303,0
25,3,1198,16,0,1,52981,1,12296,6,13476,2
62,2,4654,8,1,3,64786,0,20957,8,12233,2
12,1,4591,16,1,4,6570,0,32538,23,-2308,0
60,3,1945,11,0,4,44216,1,3262,26,13103,2
22,3,2274,16,1,3,8028,1,7721,26,5908,0
28,3,3391,19,1,3,5143,1,1632,20,7678,1
24,3,4459,15,1,2,3243,1,8899,24,5798,0
21,1,4201,6,0,2,1314,0,4338,7,1436,0
25,2,5218,8,1,4,4947,1,5965,18,7675,1
45,2,3584,24,0,2,14201,1,2776,6,9867,1
40,1,2446,13,1,1,2244,0,8062,19,719,0
26,3,4694,8,0,4,10074,1,1476,32,7157,1
49,1,5504,22,1,2,16223,1,5138,32,10489,1
32,3,4670,18,1,2,1645,1,1708,34,6652,1
33,2,3295,12,0,1,8515,0,1325,13,2636,0
46,2,2101,6,0,1,4247,1,1003,27,5239,0
48,2,4628,15,1,4,16731,0,1337,20,6123,1
23,3,4221,24,0,1,12277,0,7931,27,1840,0
33,3,5215,22,1,3,17803,0,4340,33,5000,0
27,2,5544,16,1,3,19413,1,2583,13,12028,2
43,3,5890,14,1,2,17032,0,7382,30,4355,0
41,2,5086,6,0,3,17976,0,1442,36,4000,0
26,1,2635,15,0,4,14856,0,1659,29,3277,0
34,1,3532,19,0,2,18297,1,7694,29,8287,1
20,1,4121,6,1,4,2973,0,3964,18,2332,0
50,3,5364,17,0,2,1225,1,5520,31,5463,0
32,3,3632,4,0,3,7200,0,8428,30,-460,0
46,1,2224,4,1,1,7843,0,8957,24,859,0
48,2,5043,13,0,4,2844,1,2585,31,6543,1
39,1,2848,21,0,2,16222,0,4077,19,4003,0
50,1,2831,18,1,3,4294,0,8290,12,2246,0
43,2,5475,14,0,2,9152,0,2410,17,3696,0
33,3,5891,3,0,3,877,0,3109,28,549,0
50,3,2972,3,0,2,19344,0,1867,31,2921,0
35,1,5826,11,1,2,4005,1,9496,36,6405,1
22,1,2959,16,0,1,9032,1,1015,17,7833,1
23,1,3187,6,1,2,6515,1,2967,36,6523,1
43,1,5668,22,1,2,11071,1,4288,25,10071,1
39,3,5542,15,1,2,16004,1,3256,11,10951,1
22,3,2541,6,0,2,7481,1,5639,6,5949,0
34,2,2326,14,1,3,15089,0,9673,12,3166,0
45,1,2123,21,1,2,16122,1,2153,23,9825,1
33,2,5165,24,0,1,8690,1,7106,33,6849,1
46,2,3361,24,1,4,6060,0,6954,21,2602,0
27,1,3141,10,1,1,1670,0,3959,7,2213,0
47,1,5077,24,0,2,9033,1,7757,17,8294,1
46,3,5368,11,1,2,426,0,6604,29,868,0
20,3,4384,7,0,4,12438,0,9999,9,2040,0
43,1,4009,14,0,3,8919,0,5298,20,2609,0
43,2,3931,4,0,3,11764,0,7847,8,2499,0
41,2,3339,4,0,2,8150,0,7881,26,273,0
21,3,5284,5,1,2,13641,1,2979,9,9844,1
35,1,2621,13,1,3,10709,0,5810,32,2320,0
30,2,3879,12,1,2,610,0,1769,28,1428,0
45,3,5183,19,0,1,2930,0,5484,34,491,0
33,3,4395,20,0,4,8275,0,5246,34,1443,0
35,1,2076,24,0,3,10791,0,2213,29,2514,0
38,2,2726,17,1,2,5022,0,7238,35,550,0
28,3,2040,6,1,2,3159,0,2024,23,597,0
37,3,5217,3,0,4,17584,0,4476,31,3240,0
42,2,2211,11,1,2,18388,1,1537,8,10466,1
25,2,2008,19,0,3,6306,0,4378,6,1830,0
32,3,3395,13,0,2,14001,1,2378,24,7702,1
48,2,5372,6,0,4,10912,1,2355,15,8977,1
33,3,2443,13,1,4,9849,0,9762,18,1489,0
46,2,3221,15,1,3,17695,1,1549,8,11170,2
20,1,3159,6,1,2,14656,1,7446,20,8172,1
24,2,4153,12,1,2,8058,0,7382,12,2832,0
49,3,5189,13,0,1,983,0,4485,32,164,0
34,2,3245,7,1,4,3190,0,8507,34,-91,0
24,3,2612,17,1,3,14445,1,2648,22,8685,1
21,3,4475,12,0,2,5003,1,6218,33,4975,0
29,1,2674,12,0,4,4429,0,9840,24,-245,0
38,1,5649,21,0,3,8829,0,3610,17,4228,0
34,1,5797,6,0,4,19617,1,3796,7,11333,2
35,1,3705,17,0,4,13439,0,6611,16,3508,0
24,1,2215,17,0,1,19215,0,7222,31,2486,0
45,2,3545,20,0,3,18904,1,4153,8,10293,1
48,1,4072,6,1,2,5200,0,4616,15,2883,0
23,3,5086,18,0,4,15951,1,1455,22,9602,1
26,3,5945,4,0,3,2530,1,5953,12,6278,1
35,3,5053,23,1,1,7141,1,3694,17,8746,1
41,1,3832,16,0,2,3445,0,4164,7,2412,0
37,3,4684,17,1,3,14997,1,1558,15,10600,1
34,2,4086,7,0,2,3248,0,6842,31,-346,0
38,1,5980,22,0,4,19552,1,5927,18,11165,2
37,1,2244,9,1,1,13458,1,9409,15,7602,1
27,1,5170,21,0,3,2969,0,1481,32,2233,0
34,1,3399,6,1,1,3211,1,1366,22,7139,1
19,2,4351,16,0,4,6615,0,6593,25,1370,0
46,1,2464,16,1,2,19988,1,7421,6,10495,1
38,3,2026,23,1,2,3407,1,7016,14,6131,1
29,2,3975,15,1,4,18985,0,9007,11,5063,0
18,3,2427,7,0,1,7817,0,3968,21,303,0
41,1,4592,8,0,3,4489,1,3708,30,6412,1
27,2,2390,22,0,1,12609,1,1992,32,7168,1
19,3,2107,15,0,2,2575,1,6341,27,3770,0
32,2,3127,6,1,3,8281,1,3921,15,7756,1
28,1,4614,4,1,1,2759,1,7776,29,5794,0
26,3,2962,19,0,2,7443,1,2295,34,5831,0
42,1,5120,11,1,4,6205,1,6244,9,9032,1
25,3,2197,21,0,3,15963,1,8930,23,6675,1
26,1,5702,7,1,3,11451,0,8196,35,2962,0
21,1,3951,22,1,2,7074,1,1428,17,9245,1
42,3,4444,22,1,2,15920,0,8614,12,4633,0
22,2,4790,24,0,1,8591,1,7168,28,6820,1
25,3,5468,24,0,3,10897,1,6696,10,8674,1
26,2,2000,5,0,4,2891,0,8803,31,-1832,0
33,3,2761,18,1,4,16130,1,9330,18,8241,1
32,2,5082,12,1,2,14170,1,8360,17,9103,1
30,2,4623,20,1,3,17726,0,6371,15,5583,0
47,3,3141,13,0,1,16882,1,3200,10,8877,1
27,2,3711,4,0,1,10409,1,8661,26,5515,0
29,3,5637,22,1,3,18966,0,5171,13,6438,1
31,3,3124,24,0,3,9855,1,2978,19,7557,1
42,2,3173,4,1,2,7707,0,1629,36,1762,0
36,3,3422,15,0,4,7155,1,6778,6,6886,1
25,2,3776,10,0,3,2533,0,5096,10,1125,0
45,3,5158,9,1,4,8109,1,4348,32,7661,1
41,1,3225,22,1,3,13249,1,2488,16,10265,1
40,3,3970,10,0,2,9199,1,8301,20,6015,1
37,3,3928,10,1,2,1079,0,8264,8,1067,0
22,3,2666,24,0,3,8156,1,9641,6,6346,1
36,2,5653,14,0,4,13947,1,5661,9,9704,1
46,1,4109,9,0,2,4686,0,3113,34,1089,0
21,1,3118,15,0,2,634,1,5879,14,5480,0
23,1,4014,8,0,2,19727,0,6815,7,4649,0
36,2,3337,19,0,4,8018,0,8922,16,1538,0
19,1,2477,8,0,4,1213,0,9898,8,-339,0
32,2,4410,4,0,2,16186,1,4456,13,8791,1
24,3,3408,19,1,4,6956,1,6034,32,6508,1
38,1,4012,19,1,4,7748,1,5013,17,8913,1
47,1,5500,17,0,1,4081,1,7576,34,6081,1
28,3,3137,4,1,1,18189,1,4748,19,8647,1
38,3,4859,14,0,1,4517,1,6913,6,6720,1
31,1,2281,24,1,3,11037,0,9137,27,2361,0
18,2,2424,22,0,1,9038,1,1433,34,6373,1
47,1,4296,24,1,4,9899,1,6593,26,8969,1
23,2,4205,10,1,3,7679,0,5543,18,2780,0
36,1,4685,8,0,4,17879,1,2088,29,9571,1
37,2,5596,7,0,1,784,0,1451,7,2365,0
46,1,3148,6,0,2,13876,1,9936,23,6592,1
21,2,3109,13,0,3,17159,0,6882,35,1970,0
22,2,5790,9,0,3,11035,1,8653,9,8101,1
18,3,4829,21,0,2,16553,0,8433,31,2559,0
23,1,5186,6,0,4,1130,1,1141,14,7331,1
50,2,3618,13,0,2,373,0,1281,18,1197,0
41,2,4896,12,0,2,19080,1,9985,24,8337,1
50,2,5718,6,1,2,3202,1,4399,25,7420,1
28,2,4561,11,0,3,1134,0,3146,20,1108,0
43,3,4310,4,1,1,11216,1,3884,16,8341,1
50,3,5382,18,1,2,7763,0,3358,14,4282,0
35,2,5133,5,1,1,4663,0,7864,19,1786,0
23,1,5142,21,1,2,2009,0,4389,36,2065,0
35,2,4966,7,0,4,5189,1,6124,32,5776,0
41,2,2967,23,0,3,9904,0,5891,8,2966,0
31,1,5523,20,0,2,15780,1,1916,25,10194,1
22,2,3478,21,0,3,8506,0,9467,20,1217,0
18,1,2811,11,0,4,7454,1,2972,6,7722,1
46,1,4083,16,1,3,2574,1,7492,9,7728,1
39,3,3306,12,0,3,11538,1,7695,29,5922,0
26,2,5949,15,0,2,15432,1,1491,24,9833,1
38,2,3836,8,0,2,9194,0,5507,14,2095,0
44,2,5256,3,0,4,18733,1,6294,18,9326,1
34,3,5648,8,0,4,15972,0,7130,15,3782,0
37,2,3018,21,1,4,13538,0,3849,18,4487,0
49,1,4202,16,1,4,12498,1,6174,35,8606,1
44,1,2344,6,0,3,9405,0,1665,23,2030,0
21,3,4839,12,0,3,6048,1,1939,25,6801,1
30,1,5722,21,1,2,10480,0,7907,27,3956,0
26,1,3332,23,1,1,10070,1,6145,15,8711,1
48,2,2870,6,0,1,16230,1,3468,27,7547,1
24,1,2870,15,1,3,11069,0,2152,31,3298,0
32,1,2794,3,0,3,14716,0,8655,34,989,0
32,2,2355,15,1,2,6951,0,6107,34,876,0
46,1,5130,24,1,4,1160,0,4656,21,3316,0
25,2,2303,16,1,2,15762,1,4108,10,9432,1
29,3,3576,6,0,1,14782,0,3388,35,1607,0
32,1,3702,11,0,4,6776,0,8539,31,558,0
26,1,5998,11,1,3,10567,1,6918,14,9649,1
18,3,5884,8,1,2,12757,0,7824,31,2799,0
50,2,4720,24,0,2,13327,1,7072,17,8791,1
48,3,2022,23,0,4,6408,1,1710,19,6791,1
39,1,3450,13,0,3,4796,0,3866,12,2181,0
27,3,4642,6,0,1,568,1,6243,15,4906,0
29,1,3618,19,1,3,9074,1,5279,30,7958,1
25,1,5508,20,0,4,480,0,7851,13,1800,0
28,2,4031,16,1,2,13485,1,4794,22,9014,1
40,1,4310,15,0,4,3021,0,1432,13,2893,0
47,3,2619,14,0,2,8022,0,8836,20,267,0
39,3,5944,23,1,2,2067,1,1251,12,9105,1
50,2,4004,17,0,4,6456,0,4458,10,2852,0
44,1,2176,11,1,3,1868,1,6416,31,5258,0
33,2,3438,21,0,3,10214,1,6016,30,6739,1
25,1,2885,7,0,4,10219,1,4113,25,6814,1
34,3,2182,12,0,3,8477,1,7985,18,5299,0
49,3,5029,15,1,1,12419,1,2996,14,9849,1
24,3,5749,16,0,1,51,0,5091,14,1117,0
42,1,3879,24,0,4,17408,0,1690,13,5973,0
34,3,3387,24,0,2,19883,0,1354,8,5609,0
29,1,3087,4,1,3,14489,0,9293,31,2163,0
44,3,5489,3,1,4,18002,0,5917,11,5442,0
21,1,4083,20,1,3,14944,0,1541,26,5322,0
36,1,5080,23,1,3,3860,0,7760,31,2360,0
47,3,5299,5,1,4,2487,0,5254,30,1366,0
46,2,2669,4,1,3,14760,1,2961,15,9054,1
48,1,4181,19,1,1,12119,0,2639,25,4667,0
26,1,3983,13,0,2,5129,0,1810,24,1975,0
49,3,4820,15,1,1,18333,1,3383,24,10250,1
39,2,5066,19,0,4,12237,1,6364,15,8848,1
44,1,4054,7,1,2,11871,0,9607,15,3220,0
50,2,5429,20,1,1,16745,1,2990,18,11286,2
25,1,2356,6,1,4,17067,1,4282,36,8175,1
39,1,5972,14,0,4,16013,1,4730,30,9583,1
36,3,4805,7,0,1,659,0,7149,10,265,0
46,1,4370,6,1,3,13780,0,9258,19,3659,0
44,3,4534,7,0,2,262,0,6333,10,393,0
20,2,4102,23,1,4,9202,1,7357,21,8210,1
21,3,5661,18,0,4,17162,1,3430,21,9777,1
33,2,2576,11,0,3,15191,1,6460,25,7014,1
22,2,4981,4,1,2,14830,1,3970,26,9023,1
33,2,5969,17,1,2,10320,1,4075,24,9474,1
28,2,3821,3,1,2,7180,1,8210,18,6555,1
40,3,2146,5,1,3,16404,0,5368,36,2020,0
28,2,4485,18,0,2,11609,0,8101,26,2064,0
46,3,4495,11,1,2,1036,1,9916,28,4952,0
48,3,3407,7,0,3,868,1,1198,12,5998,0
36,2,3852,8,1,3,8263,1,4949,7,8529,1
38,2,3619,11,0,3,14935,0,1765,13,4194,0
26,3,4745,22,0,4,3697,0,6771,9,1928,0
27,2,3564,5,1,3,17320,0,7418,7,4462,0
36,3,2397,22,0,2,12232,0,2526,26,2190,0
41,1,2993,4,1,3,6765,0,1429,19,2984,0
27,2,2033,19,0,3,3835,1,9633,23,4297,0
32,1,5777,18,0,2,409,1,1294,36,6622,1
24,1,3376,16,0,1,10317,0,9941,30,753,0
19,3,3137,18,0,2,19148,1,7925,6,8693,1
38,3,4930,16,1,3,18933,1,3751,35,9831,1
49,1,3654,12,0,2,12703,0,5365,25,2735,0
18,1,4660,13,1,2,18105,1,3106,34,9970,1
38,3,2654,10,0,3,11240,0,1870,32,1411,0
42,2,2064,4,0,1,1956,1,7890,11,4205,0
48,3,5582,19,1,1,16423,0,4520,13,5872,0
43,1,2513,16,0,1,12573,1,6569,15,7537,1
19,2,4045,17,1,2,14056,1,1708,17,10012,1
39,3,2323,24,0,4,26,0,7515,11,-56,0
31,1,4807,22,1,1,18478,0,9348,33,4410,0
29,1,5255,22,1,2,495,1,8736,12,7499,1
27,3,5661,18,0,3,3206,0,2856,15,2421,0
33,2,4910,7,0,1,176,1,2085,13,6373,1
40,2,5980,13,0,1,7769,1,2639,13,8686,1
43,3,3990,6,0,1,1481,0,3891,28,-387,0
28,3,2508,20,0,1,516,0,7333,31,-1639,0
40,2,4456,6,1,2,1572,0,2122,25,1818,0
36,1,2185,17,0,2,16747,1,2539,31,8134,1
49,1,5257,9,0,1,12191,1,7366,16,8324,1
42,1,5794,17,0,2,10947,1,6113,8,9504,1
39,2,2859,23,1,2,17602,0,4095,31,4311,0
21,2,5531,13,0,3,8629,1,3144,19,8183,1
40,1,4267,15,0,3,11002,0,6957,21,2783,0
18,2,2663,11,0,2,11224,0,5810,33,664,0
41,1,2100,8,1,4,9131,0,4113,29,2174,0
47,3,3306,21,1,1,9389,0,9851,11,2471,0
29,2,2055,21,1,4,12105,1,6833,32,7202,1
23,3,2776,11,0,1,4796,0,7189,19,-401,0
50,1,3220,18,1,2,15749,1,2812,7,11027,2
36,1,5980,4,0,3,18208,0,9116,18,4238,0
35,3,2907,19,1,2,3573,0,5468,22,1205,0
42,3,3854,24,0,1,6324,0,1434,13,2795,0
47,1,5733,24,1,2,12809,1,6007,18,10667,1
36,3,5311,6,0,3,7813,0,8898,15,1449,0
39,3,2030,23,0,4,14927,0,9340,25,1522,0
35,1,3843,7,0,3,7449,0,6129,9,2296,0
37,2,2186,10,1,3,11181,0,4860,36,1667,0
44,1,5282,16,1,4,16735,1,2180,26,11282,2
34,1,5464,6,0,3,11001,1,3027,35,7817,1
22,3,5706,23,0,3,4207,1,7663,11,7122,1
39,2,4723,17,1,3,3421,0,9601,32,1046,0
38,2,4800,16,1,4,18266,1,6029,16,10767,1
49,2,3426,13,0,3,8201,1,5908,8,7432,1
23,3,3452,14,0,3,4907,0,7896,29,-432,0
37,1,5409,17,0,4,9808,1,9507,36,6875,1
30,1,5477,18,1,3,14265,0,8471,17,5027,0
48,3,3812,20,0,4,5834,0,3194,13,2484,0
38,2,4015,5,0,1,10897,0,7619,10,2093,0
48,3,2800,3,1,1,1701,0,9274,7,145,0
37,2,5006,13,1,1,11050,0,1421,35,3749,0
47,2,3331,15,1,4,8643,0,7071,12,3180,0
21,1,4018,10,1,4,9892,0,9891,21,2509,0
34,3,4941,6,1,3,37,0,8045,12,1039,0
19,3,2996,15,0,3,10074,1,6496,8,6924,1
30,1,3276,24,0,4,4272,0,6305,12,2061,0
27,2,3448,19,1,4,12922,0,3104,20,4408,0
39,1,3312,10,0,4,17448,1,1187,7,10428,1
32,2,3961,11,0,1,1746,1,7101,35,4080,0
43,3,2191,24,0,4,699,0,8652,25,-1015,0
42,3,5413,24,0,1,2286,1,9671,22,5580,0
25,1,2831,13,0,1,16661,0,2520,24,3454,0
22,3,2055,7,0,2,3267,1,3978,21,4345,0
33,3,4644,4,0,1,13639,1,2739,24,7642,1
19,2,4640,19,0,4,4704,1,6338,21,6573,1
45,1,2571,24,1,4,14104,1,8903,28,8346,1
46,2,2085,8,1,1,282,1,2115,32,5016,0
24,2,5428,8,1,1,2471,1,5884,35,5971,0
27,1,3394,7,0,1,8003,0,5118,31,784,0
49,3,5501,10,0,3,11243,0,5783,29,2343,0
41,2,5142,23,0,4,2266,0,2710,10,3142,0
19,2,5758,13,1,4,3324,0,9340,26,1656,0
34,2,5355,5,1,2,14884,0,4938,17,4737,0
31,3,4950,7,1,3,11988,1,7984,29,7446,1
31,1,4313,12,0,3,18924,0,1296,16,5582,0
26,2,2713,17,1,4,18762,1,8093,29,8560,1
20,3,2216,20,0,3,8970,0,5240,36,144,0
23,3,5171,4,1,4,15838,1,8537,14,8986,1
22,1,4679,15,0,1,10086,1,4938,26,7529,1
47,1,5066,23,0,1,19583,0,5191,19,5641,0
22,3,3581,20,0,2,9599,1,6034,9,7334,1
46,3,2007,18,1,1,6527,1,8076,23,5724,0
49,3,4068,18,1,1,1824,1,1149,9,8069,1
20,3,3949,3,1,3,3072,1,2711,16,6687,1
37,1,2129,21,1,3,17657,1,4479,34,9030,1
48,1,4466,11,1,1,11964,0,7454,24,3475,0
23,2,5268,18,0,2,6212,0,9293,29,908,0
27,3,5115,17,1,2,6431,0,2738,21,3306,0
42,2,4458,8,1,1,3095,0,3161,23,2056,0
46,3,2951,22,0,1,13759,0,8903,14,2217,0
40,2,5832,24,1,3,848,1,9543,17,7357,1
45,1,2664,15,1,4,6754,1,6453,16,7682,1
25,1,2475,8,1,4,14344,0,3986,6,4649,0
32,1,4679,14,0,1,12395,0,2428,6,4743,0
42,1,3984,15,1,2,7429,0,2095,7,4659,0
32,3,3576,24,1,3,13991,0,2199,21,4656,0
27,2,5817,13,1,4,3194,0,4760,24,2775,0
28,1,4638,9,1,2,2670,0,1870,6,3699,0
28,1,2456,11,0,4,11366,0,3588,20,2464,0
20,2,4610,8,0,1,11535,1,7391,15,7234,1
43,1,5963,15,1,4,8798,0,7373,9,4957,0
28,3,3333,12,1,3,19609,0,5769,30,3765,0
24,1,2756,11,0,4,5095,1,6532,32,5011,0
34,1,5327,6,0,4,4939,0,7992,28,1063,0
24,2,4051,4,1,2,571,1,7612,26,4997,0
50,2,2874,9,0,1,7563,1,5057,26,5728,0
49,3,2423,13,1,4,12110,1,9003,32,6403,1
41,2,5378,3,0,1,10378,1,1569,14,8571,1
47,2,2112,4,1,3,1630,1,4782,17,5676,0
32,1,2282,17,0,1,5457,0,4021,32,428,0
25,1,2034,22,1,1,7864,0,9743,29,1001,0
18,1,3627,21,0,1,8454,0,6855,30,1313,0
27,1,3346,11,0,3,19861,0,6413,34,3093,0
42,2,2578,20,1,4,14004,0,2565,21,4437,0
45,1,4161,16,1,2,17331,0,5320,19,5443,0
28,3,2217,6,0,3,16492,0,8399,7,2137,0
19,3,2139,11,0,3,2478,0,9430,20,-1531,0
19,1,4975,17,0,2,18424,0,1153,17,5812,0
45,3,2199,15,1,2,9179,1,8882,9,6969,1
50,1,3705,11,0,3,15782,0,4708,34,3027,0
39,2,4993,20,1,4,1526,1,1161,22,8340,1
24,3,4407,12,0,3,4500,1,6244,23,5565,0
36,1,4559,11,1,3,14544,1,5601,29,9188,1
39,2,5568,3,1,4,8260,0,9464,15,2883,0
24,2,3679,17,1,2,6075,0,5489,34,1507,0
22,2,4584,11,1,4,14390,0,7503,13,4359,0
43,3,5756,17,0,3,19802,1,9200,13,9748,1
45,2,2320,7,1,4,17310,1,5300,9,9522,1
49,2,3588,6,0,4,19533,1,4779,19,9095,1
34,2,2316,16,0,2,4133,0,5643,30,-304,0
30,1,4222,9,1,1,18505,0,9602,26,3832,0
35,2,5820,8,0,2,7031,1,1570,13,8472,1
30,2,4500,22,1,2,13226,0,9054,15,4084,0
27,3,2306,8,1,3,15879,0,5781,35,1993,0
25,3,2697,11,1,2,19918,1,7385,9,9265,1
45,2,5524,9,1,2,9919,1,9492,24,7807,1
35,1,3281,11,0,1,14789,0,9460,29,1616,0
39,2,3648,20,0,2,6852,0,5961,36,732,0
46,2,4200,15,1,4,2310,1,8351,29,6062,1
42,1,3484,16,1,3,5210,1,6501,32,6734,1
44,2,5634,15,0,3,10233,0,1986,35,3156,0
31,3,5771,17,0,1,1302,1,1546,29,6307,1
29,1,2269,23,1,3,752,1,3828,18,6829,1
27,2,2091,3,0,4,18091,0,8276,23,1749,0
28,3,4744,11,0,4,14160,0,9832,27,1798,0
27,2,5624,22,0,1,6858,0,4965,18,2881,0
30,2,5588,16,0,3,8995,0,1198,33,3073,0
33,2,3878,16,0,3,1413,0,4919,10,1368,0
33,3,2889,21,1,2,4625,0,6653,11,1909,0
43,1,3296,12,0,4,12893,0,3323,28,2962,0
42,3,4108,20,0,2,10591,1,5559,24,7190,1
48,2,3517,12,1,2,4337,0,6552,9,2356,0
32,2,4064,8,1,2,5264,1,3187,33,6687,1
47,3,5354,24,1,1,13591,1,8983,28,8639,1
39,3,3168,22,0,1,9552,1,9385,14,6317,1
25,3,4839,20,1,2,8526,1,2361,8,9573,1
45,2,5247,18,0,3,3046,1,9624,35,5158,0
43,2,3163,17,0,3,7552,0,5928,18,1706,0
38,1,3714,6,0,3,8061,0,1978,33,1724,0
18,2,5459,13,1,1,2425,0,8965,23,1272,0
42,3,3047,4,0,1,14657,0,1235,12,3158,0
38,2,4537,19,0,2,18019,0,3994,29,4164,0
26,3,3015,7,0,3,3882,0,6850,27,-846,0
44,1,5292,15,1,2,1858,0,7067,24,2204,0
20,3,3970,7,1,4,6631,0,5020,32,1287,0
44,3,2750,4,0,1,5428,0,4161,20,118,0
30,1,2068,20,1,3,13921,0,8350,31,2538,0
32,2,5238,16,0,1,9034,1,2301,19,8346,1
21,2,4961,24,1,2,11730,1,3508,35,8935,1
33,3,5197,21,1,2,16179,0,2975,23,5389,0
49,2,3269,13,1,3,18686,1,6872,28,9057,1
44,1,4565,4,0,1,6939,0,5554,14,2110,0
36,2,4258,4,0,2,11407,0,9430,21,1324,0
38,2,5669,22,1,1,3583,1,1701,8,9611,1
21,1,2851,7,1,4,3417,0,2869,8,2665,0
43,1,3965,3,0,2,10488,0,5202,6,3110,0
44,2,4022,10,1,3,18430,1,5544,11,10468,1
23,1,2940,20,0,1,10424,0,7379,27,1439,0
47,1,3129,5,0,4,10057,1,5217,18,7223,1
28,1,5379,10,1,2,11145,1,7992,15,9050,1
46,1,5555,8,1,1,7027,0,7028,6,4027,0
48,2,4966,17,1,1,3705,0,1281,16,3738,0
23,3,4957,22,0,3,4227,0,4939,24,1476,0
20,3,2247,19,1,3,12708,0,5423,9,3441,0
27,2,2410,13,0,3,2183,1,1311,30,5099,0
29,3,4581,7,1,2,939,0,5619,24,705,0
28,2,3802,7,0,1,5795,1,8217,9,5907,0
48,2,3519,3,1,4,9015,1,7327,8,7947,1
28,1,5655,13,0,3,15797,1,4137,29,9300,1
37,3,5090,12,1,1,17045,1,5640,9,10306,1
25,2,2214,6,1,4,16421,1,3664,29,8168,1
29,1,2500,17,0,1,14395,1,5504,14,8078,1
27,1,3928,6,0,4,97,1,5030,9,6057,1
42,3,5368,24,1,3,12379,1,2223,15,10685,1
39,3,5888,18,0,4,12778,1,8010,35,7438,1
33,1,3829,20,1,4,5055,0,3345,24,3197,0
32,1,5156,20,1,2,13612,1,8577,33,8775,1
34,3,2227,5,0,1,11421,0,4530,31,272,0
43,3,4365,19,1,2,18184,1,4336,11,10822,1
49,2,2527,24,1,4,9190,0,9545,16,2623,0
38,2,5855,4,0,2,3111,0,8946,36,-320,0
36,2,5041,20,0,3,10471,1,5461,35,7383,1
35,2,2247,15,0,4,17906,1,1763,15,9252,1
50,1,4958,13,0,2,13119,1,7290,18,8565,1
38,2,3639,12,1,4,12660,1,2090,13,9834,1
37,2,5504,11,1,2,5716,0,3945,36,2366,0
39,2,4939,21,0,4,8357,1,1354,29,8270,1
35,3,2746,14,0,2,19220,1,3153,18,8706,1
22,1,4287,9,1,3,8064,1,9989,17,7359,1
34,2,5820,15,0,2,14541,0,8868,36,2475,0
19,1,5243,5,0,3,14080,0,5295,32,2849,0
46,2,5859,3,0,1,4209,0,6685,32,524,0
20,3,5364,4,0,2,8652,1,4923,25,6478,1
18,2,4513,9,0,4,5140,0,9596,30,-105,0
36,2,4302,21,0,1,17208,1,2498,30,9103,1
40,1,5879,10,0,1,11245,1,4755,20,8688,1
29,2,2608,7,1,2,14483,1,7799,35,6681,1
28,2,4614,23,1,2,190,1,4641,27,6727,1
26,2,4733,11,1,2,5176,1,2800,21,7892,1
20,2,3510,8,1,4,5264,0,3257,11,2796,0
39,2,3817,22,1,1,3727,0,3866,12,3051,0
20,1,4498,11,1,4,946,1,5625,26,6553,1
49,3,5493,7,0,2,5990,1,7172,6,7140,1
27,2,3891,11,1,4,14984,1,2962,34,8830,1
34,3,3484,12,1,3,9241,1,7646,10,7651,1
22,1,5977,3,0,1,16938,1,3955,30,8905,1
26,1,4461,7,0,4,8188,1,6256,26,6717,1
20,2,2989,8,0,2,14980,0,9937,29,863,0
31,1,5924,23,1,2,5244,0,1140,9,5553,0
21,3,2344,20,1,1,2271,1,3164,9,6713,1
30,1,5640,6,0,3,11153,0,2862,13,4248,0
35,3,5882,17,0,1,15801,1,5349,34,8241,1
40,3,2725,23,1,3,10416,1,2422,16,8801,1
31,3,3577,18,1,1,9162,0,4743,8,3452,0
29,3,2067,10,1,1,562,0,1898,10,1006,0
23,2,3398,8,1,4,12317,1,9861,10,7920,1
38,3,4697,22,0,1,9424,1,4842,34,6755,1
27,3,3306,17,1,2,17762,0,4403,14,4755,0
40,2,2995,12,0,2,16589,0,7401,19,2695,0
35,1,4543,15,0,3,16691,0,9806,25,3199,0
18,3,2883,24,0,1,4072,1,9592,16,4808,0
41,3,3195,9,0,4,10245,0,3702,28,1436,0
27,2,2223,22,1,1,11577,0,4850,33,2247,0
38,3,2847,10,0,1,9050,0,5568,6,1690,0
50,1,4182,16,1,1,5684,1,7736,13,7951,1
23,2,2788,14,1,4,7460,1,4922,13,7752,1
30,2,5917,3,1,3,15924,1,8241,34,8505,1
42,2,4322,4,0,2,3206,0,4833,22,636,0
19,3,3159,10,1,4,7057,1,9563,8,6638,1
48,3,3833,10,1,2,2345,1,9804,30,4755,0
33,3,3276,15,1,3,11257,1,7994,10,8021,1
50,3,2176,19,0,1,7079,1,4139,26,5616,0
30,1,5984,7,1,4,14250,1,8529,27,9216,1
32,3,2266,23,0,3,4227,0,8119,23,-305,0
39,1,4922,7,1,3,5312,0,1139,9,4446,0
42,2,4099,17,1,1,4340,0,5600,36,1308,0
21,3,3856,6,1,3,12406,1,1762,30,8017,1
23,2,3708,23,0,3,2081,1,3546,30,5741,0
29,3,5766,22,1,1,5781,1,8170,22,7525,1
31,3,4361,9,0,3,13978,1,5533,24,7440,1
47,3,4063,19,0,1,10083,1,5351,19,7308,1
19,1,3674,16,0,3,15577,1,7492,21,8134,1
42,2,5582,20,0,1,10390,1,3445,32,8080,1
28,3,4084,8,0,3,4812,0,4219,13,1311,0
29,2,3878,8,0,4,9830,1,2376,29,7080,1
18,3,4299,14,0,3,6221,1,4614,33,5621,0
18,1,3908,20,0,4,18177,1,5672,15,9785,1
20,3,4536,24,1,4,4541,1,1229,6,9320,1
46,1,3041,3,1,3,19831,0,1989,20,5449,0
28,3,2502,4,1,1,5066,1,3393,12,6396,1
20,3,4201,17,0,4,5637,1,7556,15,6217,1
34,1,3175,14,1,1,11500,0,8280,29,2282,0
38,3,2197,23,1,1,11281,1,3121,6,8951,1
50,2,5124,21,1,2,19548,0,3880,15,6846,1
31,3,3235,20,0,1,249,0,2582,36,-649,0
36,1,4056,13,1,2,1236,1,1912,16,7793,1
40,1,4375,17,1,4,1401,0,2224,29,2583,0
47,2,3211,4,1,3,12713,1,8791,9,8120,1
33,2,2076,20,0,2,5769,1,6351,15,5852,0
19,2,4562,21,1,3,7958,0,9831,10,3146,0
26,2,5529,3,0,1,11315,0,9111,16,2055,0
25,2,4547,11,0,4,6839,1,7045,27,6112,1
36,2,2801,4,0,4,11639,1,7814,6,7066,1
35,3,3864,6,0,3,17551,0,3027,7,4317,0
28,3,5183,17,1,4,8259,1,2401,15,9343,1
27,1,4101,14,1,3,7610,0,2833,13,4146,0
47,2,2992,14,1,1,2582,0,6490,22,964,0
44,1,2035,21,1,3,3730,1,5223,10,7559,1
30,3,5899,7,1,2,7883,1,5509,18,8144,1
20,3,3515,17,1,4,15414,0,7681,29,2964,0
43,1,2890,11,0,2,5190,0,9453,18,342,0
30,2,2389,11,1,4,13047,1,3415,6,9311,1
33,1,2796,5,0,3,1645,1,2691,23,5339,0
30,2,3499,22,0,1,14727,0,8162,10,3263,0
39,1,3870,15,1,4,19059,0,5228,26,5331,0
45,2,2643,3,0,1,11545,1,1326,15,7465,1
32,2,5069,5,1,3,18871,0,7033,28,4392,0
45,1,5636,15,0,4,16586,0,2704,20,5644,0
43,3,2863,18,1,4,14816,0,6705,17,3714,0
34,3,5250,13,0,1,7807,0,1336,20,2759,0
25,2,3928,14,1,1,9899,1,7457,24,7362,1
41,3,5396,3,1,1,6450,0,2832,19,2892,0
45,2,4159,3,1,3,2309,1,9217,19,5758,0
33,1,2004,22,1,3,7363,0,9487,21,1697,0
42,2,4790,10,1,1,15450,0,8043,31,3336,0
32,1,3909,5,1,4,9872,1,6715,26,7646,1
25,1,2937,19,1,1,6032,1,7720,11,7421,1
47,2,3512,9,1,4,19060,0,7694,19,4509,0
20,2,3547,20,1,1,8555,0,3593,26,2806,0
31,2,2421,5,0,1,8316,1,4911,11,6192,1
30,3,3595,7,1,4,3670,1,7177,36,4936,0
31,2,4948,23,0,2,8518,1,4450,31,7388,1
37,1,3189,10,0,1,15235,1,9725,23,6937,1
32,1,2636,22,1,2,15041,0,5784,22,4119,0
32,2,5122,22,0,3,5058,0,1691,7,3834,0
20,2,3744,11,1,3,5892,0,9324,14,1696,0
26,2,4939,13,1,2,18915,0,7883,26,4526,0
46,3,3496,9,1,4,9588,1,9582,20,6809,1
19,2,4693,9,1,1,3679,1,6237,9,7335,1
28,1,4105,12,0,2,5799,0,3354,21,2012,0
25,1,3223,6,1,1,12230,0,1201,9,4577,0
39,3,3811,16,0,4,17034,0,6116,24,3189,0
19,1,4142,17,0,3,14923,0,5686,35,2808,0
25,3,3870,13,1,3,17901,1,8768,17,8892,1
25,3,5920,21,1,1,8496,1,4953,14,9179,1
21,2,2050,5,0,2,4710,0,2867,25,-146,0
20,3,3781,20,1,1,19862,0,1239,33,4885,0
40,1,4655,14,0,1,11531,1,2330,6,9658,1
22,2,3553,21,1,3,6300,1,7497,17,7387,1
42,2,5245,11,0,1,11140,0,1565,35,2808,0
44,2,4332,17,1,2,19393,0,3855,12,6344,1
48,2,5861,9,1,1,13225,1,1272,24,10211,1
22,1,5098,14,0,3,16739,1,4648,11,10177,1
18,1,2162,8,1,2,14236,0,6991,32,2040,0
24,3,2905,23,0,4,19863,1,9615,13,8462,1
47,3,5007,10,0,3,18320,0,3937,26,4040,0
33,1,4668,9,1,4,4485,1,7666,19,7388,1
28,3,2670,23,0,3,10514,0,9907,28,456,0
42,3,2735,4,0,3,18585,0,5778,29,2059,0
20,2,3288,16,0,3,12253,1,5764,30,6742,1
23,2,4625,5,1,3,4494,0,5513,34,1149,0
20,3,2293,12,1,2,3474,1,1909,21,6150,1
44,1,2476,7,1,1,1098,0,7082,28,-99,0
30,3,3978,19,0,3,16486,0,3938,15,4099,0
42,3,4714,6,1,4,10407,0,2731,33,2982,0
23,2,2837,14,1,4,6340,0,6728,26,1411,0
29,2,3509,22,0,1,10517,1,5255,22,7277,1
32,3,4829,7,1,3,15659,1,3197,36,8667,1
47,2,3900,4,1,3,10044,1,6909,6,8487,1
30,3,4320,13,0,1,14508,1,8863,14,7449,1
41,1,2897,6,1,1,16675,0,2847,31,3814,0
31,3,3036,15,1,1,2518,0,3893,15,1453,0
31,3,3172,19,0,4,6222,1,1860,24,6628,1
41,1,3942,3,0,3,5095,1,1425,9,7675,1
47,1,5493,15,1,4,9054,1,2618,27,9684,1
18,2,3098,12,0,4,15063,1,4592,33,7143,1
21,3,2549,11,0,2,19007,0,7137,9,3019,0
44,2,4439,14,0,1,1774,0,2388,21,1377,0
39,1,4434,21,1,1,19923,1,1296,12,12412,2
25,3,2297,4,0,2,14212,1,1003,35,6290,1
29,2,2354,5,1,2,7359,1,9922,13,5924,0
28,2,3999,22,0,4,7071,1,7501,25,6494,1
30,2,2598,19,1,4,7481,0,6379,34,1429,0
23,3,3456,13,0,1,15097,1,2100,18,8177,1
32,3,4616,19,1,4,14668,1,5080,18,9766,1
39,2,3730,20,0,2,19153,0,4058,14,4934,0
45,3,2132,20,0,2,9630,0,8542,14,1044,0
48,1,4973,19,1,1,12527,1,5533,22,9745,1